condition,channels,M_QAM,ldpc_rate,lambda_nm,distance_km,tx_aperture_m,rx_aperture_m,opt_eff,rain_rate_mmph,visibility_km,Cn2,alpha_shape,beta_shape,loss_geom_dB,loss_rain_dB,loss_fog_dB,loss_sys_dB,loss_total_dB,SNRdB_reference,SNRdB_LDPC,SNRdB_GrayLDPC,BER_reference,BER_LDPC,BER_GrayLDPC,coding_gain_dB,gray_gain_dB,spectral_efficiency_bpsHz
Turbulence,16,16,0.75,1545,4.431,0.056,0.091,0.634,0.0,31.128,1.742156113691994e-14,5.407,1.886,4.28,0.0,0.15,1.98,6.4,15.86,17.42,17.95,0.004253722257389654,0.0008019070013588549,0.00039144576259173214,1.56,0.53,3.0
Rain,32,4,0.75,1555,1.607,0.048,0.069,0.8,22.251,24.484,1.809948380749019e-16,8.571,7.022,-0.0,13.82,0.07,0.97,14.86,19.08,21.19,22.12,1e-12,1e-12,1e-12,2.11,0.92,1.5
Turbulence,16,64,0.5,1555,2.7,0.034,0.087,0.847,0.0,25.957,4.923649920928658e-14,4.385,2.079,4.82,0.0,0.11,0.72,5.64,12.29,16.69,17.56,0.13357975896725252,0.06589389565295514,0.05146542065397411,4.39,0.87,3.0
Turbulence,16,16,0.5,1555,0.634,0.08,0.133,0.69,0.0,21.721,4.301285104146301e-15,3.27,3.217,-0.0,0.0,0.03,1.61,1.64,18.87,23.19,23.89,8.999133537189443e-05,1.7736342895479955e-10,4.5627108839694184e-12,4.32,0.7,2.0
Clear,8,64,0.75,1555,0.54,0.039,0.104,0.816,0.0,16.519,4.915052668277944e-16,8.29,4.879,-0.0,0.0,0.03,0.88,0.91,22.49,24.15,24.82,0.002937175961300623,0.0004100910181455489,0.0001467107833886538,1.66,0.67,4.5
Mixed,4,16,0.75,1545,3.675,0.043,0.075,0.791,7.717,3.17,2.1824980031572316e-14,5.479,1.52,6.64,15.55,1.89,1.02,25.09,16.91,18.9,19.94,0.001475740770927247,8.462264058101642e-05,1.0402539173669234e-05,1.99,1.04,3.0
Turbulence,8,64,0.75,1550,1.032,0.042,0.088,0.828,0.0,20.576,8.545258368768925e-15,5.678,3.886,-0.0,0.0,0.05,0.82,0.87,18.78,20.95,21.5,0.03317651391355369,0.010317263905454744,0.006938648472626985,2.18,0.55,4.5
Turbulence,16,16,0.5,1550,2.965,0.075,0.146,0.706,0.0,29.864,3.4273025016000807e-14,4.557,3.813,-0.0,0.0,0.1,1.51,1.61,16.17,19.93,20.63,0.0031801893829081366,1.066617555666605e-05,1.9126983471915548e-06,3.76,0.7,2.0
Clear,4,4,0.75,1560,3.632,0.068,0.099,0.625,0.0,36.67,1.1036282452145264e-16,7.967,7.165,0.22,0.0,0.1,2.04,2.36,31.88,33.66,34.65,1e-12,1e-12,1e-12,1.78,0.99,1.5
Fog,4,4,0.5,1555,0.645,0.053,0.1,0.63,0.0,8.062,2.6886885307748797e-16,6.518,4.995,-0.0,0.0,0.08,2.01,2.09,30.79,33.85,34.49,1e-12,1e-12,1e-12,3.06,0.65,1.0
Rain,8,16,0.5,1555,2.519,0.078,0.074,0.791,18.377,33.824,4.370127903774042e-16,7.386,7.238,-0.0,19.06,0.08,1.02,20.16,20.23,23.63,24.22,5.281886795891254e-06,1.886998289158886e-11,1e-12,3.4,0.58,2.0
Mixed,32,16,0.75,1555,3.579,0.033,0.087,0.816,27.811,3.453,2.3593259050472555e-14,4.411,3.91,7.53,35.74,1.6,0.88,45.76,2.61,4.21,5.4,0.16664632807323956,0.15366827103435998,0.14144136455627115,1.6,1.19,3.0
Fog,16,64,0.8,1550,4.504,0.075,0.133,0.714,0.0,9.708,1.538512007466443e-16,6.435,4.657,-0.0,0.0,0.47,1.46,1.93,20.73,21.73,22.63,0.01192301978652497,0.005766462585753709,0.0025588064871893074,1.0,0.9,4.800000000000001
Turbulence,16,16,0.8,1560,1.847,0.033,0.131,0.615,0.0,36.696,5.130860364579646e-15,4.48,3.25,-0.0,0.0,0.05,2.11,2.16,18.51,20.05,20.74,0.00016622426292878972,8.050758110715163e-06,1.4164984620233146e-06,1.54,0.69,3.2
Rain,16,64,0.9,1555,4.884,0.05,0.099,0.617,26.657,39.727,5.622822978601006e-17,5.387,6.821,5.51,47.41,0.12,2.1,55.14,8.74,9.84,10.45,0.16733451994758883,0.15897899829350162,0.15359078864205267,1.1,0.61,5.4
Clear,4,4,0.9,1560,4.3,0.033,0.14,0.75,0.0,22.98,4.2073481862111374e-16,5.372,7.549,5.02,0.0,0.19,1.25,6.46,29.11,29.7,30.2,1e-12,1e-12,1e-12,0.58,0.5,1.8
Fog,8,16,0.667,1555,3.428,0.08,0.094,0.83,0.0,8.122,4.584553984801936e-16,7.295,5.387,-0.0,0.0,0.43,0.81,1.24,24.9,26.51,27.54,1e-12,1e-12,1e-12,1.62,1.02,2.668
Clear,4,64,0.8,1555,2.264,0.076,0.138,0.7,0.0,41.815,3.4112958925486675e-16,5.416,7.455,-0.0,0.0,0.05,1.55,1.6,25.8,27.25,28.0,2.3422653171945815e-05,6.426938482230482e-07,5.918134472368884e-08,1.45,0.75,4.800000000000001
Turbulence,32,4,0.5,1545,3.7,0.059,0.063,0.763,0.0,44.069,2.6806428226926007e-14,4.489,2.073,5.45,0.0,0.09,1.18,6.72,14.61,18.47,19.1,1.0724004986100413e-07,1e-12,1e-12,3.86,0.64,1.0
Fog,32,4,0.9,1555,4.173,0.041,0.091,0.736,0.0,2.772,3.1093389089201886e-16,8.489,4.759,6.53,0.0,2.61,1.33,10.48,19.47,20.3,21.44,1e-12,1e-12,1e-12,0.83,1.13,1.8
Turbulence,8,64,0.667,1545,1.865,0.044,0.137,0.822,0.0,26.55,3.271522679158958e-14,3.972,3.704,-0.0,0.0,0.07,0.85,0.92,17.02,19.22,20.21,0.060389230051460074,0.027297878006341616,0.016418388644311648,2.21,0.99,4.002000000000001
Rain,8,16,0.8,1555,4.968,0.052,0.141,0.808,29.991,47.367,3.526202471660996e-17,6.107,7.792,2.09,52.19,0.11,0.93,55.31,14.72,15.74,16.81,0.010313921256263056,0.004712990459902798,0.001658970064993192,1.02,1.07,3.2
Mixed,8,64,0.9,1555,4.589,0.046,0.128,0.65,4.801,5.194,9.06420375164445e-15,4.455,2.603,3.36,14.12,1.02,1.87,20.38,13.82,14.93,15.89,0.11265539718156665,0.09540263784357832,0.07945564809188943,1.1,0.96,5.4
Turbulence,32,16,0.8,1555,2.685,0.031,0.12,0.769,0.0,43.139,4.8898002878848703e-14,3.303,3.562,2.69,0.0,0.06,1.14,3.89,12.13,13.77,14.91,0.039090515426924564,0.01847678555939017,0.00902826210768013,1.64,1.14,3.2
Turbulence,8,64,0.9,1550,3.753,0.063,0.133,0.812,0.0,45.645,5.773055914700294e-15,4.123,1.944,-0.0,0.0,0.08,0.91,0.99,19.26,19.74,20.48,0.026874136058843413,0.021282569262360006,0.01402727902178689,0.48,0.74,5.4
